{
  "name": "betterRoofs",
  "title": "Better Roofs",
  "description": "Vision enhancements for roofs",
  "version": "0.1.0",
  "authors": [
    {
      "name": "theripper93",
      "email": "tsplab@gmail.com",
      "url": "https://www.patreon.com/theripper93"
    }
  ],
  "scripts": [
    "./scripts/main.js", 
    "./scripts/roofs.js", 
    "./scripts/helpers.js"
  ],
  "minimumCoreVersion": "0.8.4",
  "compatibleCoreVersion": "0.8.4",
  "url": "https://github.com/theripper93/Better-Roofs",
  "manifest": "https://github.com/theripper93/Better-Roofs/blob/main/betterRoofs/module.json",
  "download": "https://github.com/theripper93/Better-Roofs/blob/main/betterroofs.zip"
}